Title,Price,Description,UPC,Product Type,Price (excl. tax),Price (incl. tax),Tax,Availability,Number of reviews
A Light in the Attic,N/A,N/A,N/A,N/A,N/A,N/A,N/A,N/A,N/A
Tipping the Velvet,N/A,N/A,N/A,N/A,N/A,N/A,N/A,N/A,N/A
Soumission,N/A,N/A,N/A,N/A,N/A,N/A,N/A,N/A,N/A
Sharp Objects,N/A,N/A,N/A,N/A,N/A,N/A,N/A,N/A,N/A
Sapiens: A Brief History of Humankind,N/A,N/A,N/A,N/A,N/A,N/A,N/A,N/A,N/A
The Requiem Red,N/A,N/A,N/A,N/A,N/A,N/A,N/A,N/A,N/A
The Dirty Little Secrets of Getting Your Dream Job,N/A,N/A,N/A,N/A,N/A,N/A,N/A,N/A,N/A
"The Coming Woman: A Novel Based on the Life of the Infamous Feminist, Victoria Woodhull",N/A,N/A,N/A,N/A,N/A,N/A,N/A,N/A,N/A
The Boys in the Boat: Nine Americans and Their Epic Quest for Gold at the 1936 Berlin Olympics,N/A,N/A,N/A,N/A,N/A,N/A,N/A,N/A,N/A
The Black Maria,N/A,N/A,N/A,N/A,N/A,N/A,N/A,N/A,N/A
"Starving Hearts (Triangular Trade Trilogy, #1)",N/A,N/A,N/A,N/A,N/A,N/A,N/A,N/A,N/A
Shakespeare's Sonnets,N/A,N/A,N/A,N/A,N/A,N/A,N/A,N/A,N/A
Set Me Free,N/A,N/A,N/A,N/A,N/A,N/A,N/A,N/A,N/A
Scott Pilgrim's Precious Little Life (Scott Pilgrim #1),N/A,N/A,N/A,N/A,N/A,N/A,N/A,N/A,N/A
Rip it Up and Start Again,N/A,N/A,N/A,N/A,N/A,N/A,N/A,N/A,N/A
"Our Band Could Be Your Life: Scenes from the American Indie Underground, 1981-1991",N/A,N/A,N/A,N/A,N/A,N/A,N/A,N/A,N/A
Olio,N/A,N/A,N/A,N/A,N/A,N/A,N/A,N/A,N/A
Mesaerion: The Best Science Fiction Stories 1800-1849,N/A,N/A,N/A,N/A,N/A,N/A,N/A,N/A,N/A
Libertarianism for Beginners,N/A,N/A,N/A,N/A,N/A,N/A,N/A,N/A,N/A
It's Only the Himalayas,N/A,N/A,N/A,N/A,N/A,N/A,N/A,N/A,N/A
In Her Wake,N/A,N/A,N/A,N/A,N/A,N/A,N/A,N/A,N/A
How Music Works,N/A,N/A,N/A,N/A,N/A,N/A,N/A,N/A,N/A
"Foolproof Preserving: A Guide to Small Batch Jams, Jellies, Pickles, Condiments, and More: A Foolproof Guide to Making Small Batch Jams, Jellies, Pickles, Condiments, and More",N/A,N/A,N/A,N/A,N/A,N/A,N/A,N/A,N/A
Chase Me (Paris Nights #2),N/A,N/A,N/A,N/A,N/A,N/A,N/A,N/A,N/A
Black Dust,N/A,N/A,N/A,N/A,N/A,N/A,N/A,N/A,N/A
Birdsong: A Story in Pictures,N/A,N/A,N/A,N/A,N/A,N/A,N/A,N/A,N/A
America's Cradle of Quarterbacks: Western Pennsylvania's Football Factory from Johnny Unitas to Joe Montana,N/A,N/A,N/A,N/A,N/A,N/A,N/A,N/A,N/A
Aladdin and His Wonderful Lamp,N/A,N/A,N/A,N/A,N/A,N/A,N/A,N/A,N/A
Worlds Elsewhere: Journeys Around Shakespeareâs Globe,N/A,N/A,N/A,N/A,N/A,N/A,N/A,N/A,N/A
Wall and Piece,N/A,N/A,N/A,N/A,N/A,N/A,N/A,N/A,N/A
The Four Agreements: A Practical Guide to Personal Freedom,N/A,N/A,N/A,N/A,N/A,N/A,N/A,N/A,N/A
The Five Love Languages: How to Express Heartfelt Commitment to Your Mate,N/A,N/A,N/A,N/A,N/A,N/A,N/A,N/A,N/A
The Elephant Tree,N/A,N/A,N/A,N/A,N/A,N/A,N/A,N/A,N/A
The Bear and the Piano,N/A,N/A,N/A,N/A,N/A,N/A,N/A,N/A,N/A
Sophie's World,N/A,N/A,N/A,N/A,N/A,N/A,N/A,N/A,N/A
Penny Maybe,N/A,N/A,N/A,N/A,N/A,N/A,N/A,N/A,N/A
Maude (1883-1993):She Grew Up with the country,N/A,N/A,N/A,N/A,N/A,N/A,N/A,N/A,N/A
"In a Dark, Dark Wood",N/A,N/A,N/A,N/A,N/A,N/A,N/A,N/A,N/A
Behind Closed Doors,N/A,N/A,N/A,N/A,N/A,N/A,N/A,N/A,N/A
You can't bury them all: Poems,N/A,N/A,N/A,N/A,N/A,N/A,N/A,N/A,N/A
Slow States of Collapse: Poems,N/A,N/A,N/A,N/A,N/A,N/A,N/A,N/A,N/A
Reasons to Stay Alive,N/A,N/A,N/A,N/A,N/A,N/A,N/A,N/A,N/A
Private Paris (Private #10),N/A,N/A,N/A,N/A,N/A,N/A,N/A,N/A,N/A
#HigherSelfie: Wake Up Your Life. Free Your Soul. Find Your Tribe.,N/A,N/A,N/A,N/A,N/A,N/A,N/A,N/A,N/A
Without Borders (Wanderlove #1),N/A,N/A,N/A,N/A,N/A,N/A,N/A,N/A,N/A
When We Collided,N/A,N/A,N/A,N/A,N/A,N/A,N/A,N/A,N/A
"We Love You, Charlie Freeman",N/A,N/A,N/A,N/A,N/A,N/A,N/A,N/A,N/A
Untitled Collection: Sabbath Poems 2014,N/A,N/A,N/A,N/A,N/A,N/A,N/A,N/A,N/A
"Unseen City: The Majesty of Pigeons, the Discreet Charm of Snails & Other Wonders of the Urban Wilderness",N/A,N/A,N/A,N/A,N/A,N/A,N/A,N/A,N/A
Unicorn Tracks,N/A,N/A,N/A,N/A,N/A,N/A,N/A,N/A,N/A
"Unbound: How Eight Technologies Made Us Human, Transformed Society, and Brought Our World to the Brink",N/A,N/A,N/A,N/A,N/A,N/A,N/A,N/A,N/A
Tsubasa: WoRLD CHRoNiCLE 2 (Tsubasa WoRLD CHRoNiCLE #2),N/A,N/A,N/A,N/A,N/A,N/A,N/A,N/A,N/A
Throwing Rocks at the Google Bus: How Growth Became the Enemy of Prosperity,N/A,N/A,N/A,N/A,N/A,N/A,N/A,N/A,N/A
This One Summer,N/A,N/A,N/A,N/A,N/A,N/A,N/A,N/A,N/A
Thirst,N/A,N/A,N/A,N/A,N/A,N/A,N/A,N/A,N/A
The Torch Is Passed: A Harding Family Story,N/A,N/A,N/A,N/A,N/A,N/A,N/A,N/A,N/A
The Secret of Dreadwillow Carse,N/A,N/A,N/A,N/A,N/A,N/A,N/A,N/A,N/A
"The Pioneer Woman Cooks: Dinnertime: Comfort Classics, Freezer Food, 16-Minute Meals, and Other Delicious Ways to Solve Supper!",N/A,N/A,N/A,N/A,N/A,N/A,N/A,N/A,N/A
The Past Never Ends,N/A,N/A,N/A,N/A,N/A,N/A,N/A,N/A,N/A
The Natural History of Us (The Fine Art of Pretending #2),N/A,N/A,N/A,N/A,N/A,N/A,N/A,N/A,N/A
The Nameless City (The Nameless City #1),N/A,N/A,N/A,N/A,N/A,N/A,N/A,N/A,N/A
The Murder That Never Was (Forensic Instincts #5),N/A,N/A,N/A,N/A,N/A,N/A,N/A,N/A,N/A
The Most Perfect Thing: Inside (and Outside) a Bird's Egg,N/A,N/A,N/A,N/A,N/A,N/A,N/A,N/A,N/A
"The Mindfulness and Acceptance Workbook for Anxiety: A Guide to Breaking Free from Anxiety, Phobias, and Worry Using Acceptance and Commitment Therapy",N/A,N/A,N/A,N/A,N/A,N/A,N/A,N/A,N/A
The Life-Changing Magic of Tidying Up: The Japanese Art of Decluttering and Organizing,N/A,N/A,N/A,N/A,N/A,N/A,N/A,N/A,N/A
"The Inefficiency Assassin: Time Management Tactics for Working Smarter, Not Longer",N/A,N/A,N/A,N/A,N/A,N/A,N/A,N/A,N/A
The Gutsy Girl: Escapades for Your Life of Epic Adventure,N/A,N/A,N/A,N/A,N/A,N/A,N/A,N/A,N/A
The Electric Pencil: Drawings from Inside State Hospital No. 3,N/A,N/A,N/A,N/A,N/A,N/A,N/A,N/A,N/A
The Death of Humanity: and the Case for Life,N/A,N/A,N/A,N/A,N/A,N/A,N/A,N/A,N/A
"The Bulletproof Diet: Lose up to a Pound a Day, Reclaim Energy and Focus, Upgrade Your Life",N/A,N/A,N/A,N/A,N/A,N/A,N/A,N/A,N/A
The Art Forger,N/A,N/A,N/A,N/A,N/A,N/A,N/A,N/A,N/A
The Age of Genius: The Seventeenth Century and the Birth of the Modern Mind,N/A,N/A,N/A,N/A,N/A,N/A,N/A,N/A,N/A
The Activist's Tao Te Ching: Ancient Advice for a Modern Revolution,N/A,N/A,N/A,N/A,N/A,N/A,N/A,N/A,N/A
Spark Joy: An Illustrated Master Class on the Art of Organizing and Tidying Up,N/A,N/A,N/A,N/A,N/A,N/A,N/A,N/A,N/A
Soul Reader,N/A,N/A,N/A,N/A,N/A,N/A,N/A,N/A,N/A
Security,N/A,N/A,N/A,N/A,N/A,N/A,N/A,N/A,N/A
"Saga, Volume 6 (Saga (Collected Editions) #6)",N/A,N/A,N/A,N/A,N/A,N/A,N/A,N/A,N/A
"Saga, Volume 5 (Saga (Collected Editions) #5)",N/A,N/A,N/A,N/A,N/A,N/A,N/A,N/A,N/A
Reskilling America: Learning to Labor in the Twenty-First Century,N/A,N/A,N/A,N/A,N/A,N/A,N/A,N/A,N/A
"Rat Queens, Vol. 3: Demons (Rat Queens (Collected Editions) #11-15)",N/A,N/A,N/A,N/A,N/A,N/A,N/A,N/A,N/A
"Princess Jellyfish 2-in-1 Omnibus, Vol. 01 (Princess Jellyfish 2-in-1 Omnibus #1)",N/A,N/A,N/A,N/A,N/A,N/A,N/A,N/A,N/A
Princess Between Worlds (Wide-Awake Princess #5),N/A,N/A,N/A,N/A,N/A,N/A,N/A,N/A,N/A
"Pop Gun War, Volume 1: Gift",N/A,N/A,N/A,N/A,N/A,N/A,N/A,N/A,N/A
"Political Suicide: Missteps, Peccadilloes, Bad Calls, Backroom Hijinx, Sordid Pasts, Rotten Breaks, and Just Plain Dumb Mistakes in the Annals of American Politics",N/A,N/A,N/A,N/A,N/A,N/A,N/A,N/A,N/A
Patience,N/A,N/A,N/A,N/A,N/A,N/A,N/A,N/A,N/A
"Outcast, Vol. 1: A Darkness Surrounds Him (Outcast #1)",N/A,N/A,N/A,N/A,N/A,N/A,N/A,N/A,N/A
orange: The Complete Collection 1 (orange: The Complete Collection #1),N/A,N/A,N/A,N/A,N/A,N/A,N/A,N/A,N/A
Online Marketing for Busy Authors: A Step-By-Step Guide,N/A,N/A,N/A,N/A,N/A,N/A,N/A,N/A,N/A
On a Midnight Clear,N/A,N/A,N/A,N/A,N/A,N/A,N/A,N/A,N/A
Obsidian (Lux #1),N/A,N/A,N/A,N/A,N/A,N/A,N/A,N/A,N/A
My Paris Kitchen: Recipes and Stories,N/A,N/A,N/A,N/A,N/A,N/A,N/A,N/A,N/A
Masks and Shadows,N/A,N/A,N/A,N/A,N/A,N/A,N/A,N/A,N/A
"Mama Tried: Traditional Italian Cooking for the Screwed, Crude, Vegan, and Tattooed",N/A,N/A,N/A,N/A,N/A,N/A,N/A,N/A,N/A
"Lumberjanes, Vol. 2: Friendship to the Max (Lumberjanes #5-8)",N/A,N/A,N/A,N/A,N/A,N/A,N/A,N/A,N/A
"Lumberjanes, Vol. 1: Beware the Kitten Holy (Lumberjanes #1-4)",N/A,N/A,N/A,N/A,N/A,N/A,N/A,N/A,N/A
Lumberjanes Vol. 3: A Terrible Plan (Lumberjanes #9-12),N/A,N/A,N/A,N/A,N/A,N/A,N/A,N/A,N/A
"Layered: Baking, Building, and Styling Spectacular Cakes",N/A,N/A,N/A,N/A,N/A,N/A,N/A,N/A,N/A
Judo: Seven Steps to Black Belt (an Introductory Guide for Beginners),N/A,N/A,N/A,N/A,N/A,N/A,N/A,N/A,N/A
Join,N/A,N/A,N/A,N/A,N/A,N/A,N/A,N/A,N/A
In the Country We Love: My Family Divided,N/A,N/A,N/A,N/A,N/A,N/A,N/A,N/A,N/A
Immunity: How Elie Metchnikoff Changed the Course of Modern Medicine,N/A,N/A,N/A,N/A,N/A,N/A,N/A,N/A,N/A
"I Hate Fairyland, Vol. 1: Madly Ever After (I Hate Fairyland (Compilations) #1-5)",N/A,N/A,N/A,N/A,N/A,N/A,N/A,N/A,N/A
I am a Hero Omnibus Volume 1,N/A,N/A,N/A,N/A,N/A,N/A,N/A,N/A,N/A
How to Be Miserable: 40 Strategies You Already Use,N/A,N/A,N/A,N/A,N/A,N/A,N/A,N/A,N/A
Her Backup Boyfriend (The Sorensen Family #1),N/A,N/A,N/A,N/A,N/A,N/A,N/A,N/A,N/A
"Giant Days, Vol. 2 (Giant Days #5-8)",N/A,N/A,N/A,N/A,N/A,N/A,N/A,N/A,N/A
Forever and Forever: The Courtship of Henry Longfellow and Fanny Appleton,N/A,N/A,N/A,N/A,N/A,N/A,N/A,N/A,N/A
First and First (Five Boroughs #3),N/A,N/A,N/A,N/A,N/A,N/A,N/A,N/A,N/A
Fifty Shades Darker (Fifty Shades #2),N/A,N/A,N/A,N/A,N/A,N/A,N/A,N/A,N/A
Everydata: The Misinformation Hidden in the Little Data You Consume Every Day,N/A,N/A,N/A,N/A,N/A,N/A,N/A,N/A,N/A
"Don't Be a Jerk: And Other Practical Advice from Dogen, Japan's Greatest Zen Master",N/A,N/A,N/A,N/A,N/A,N/A,N/A,N/A,N/A
Danganronpa Volume 1,N/A,N/A,N/A,N/A,N/A,N/A,N/A,N/A,N/A
Crown of Midnight (Throne of Glass #2),N/A,N/A,N/A,N/A,N/A,N/A,N/A,N/A,N/A
"Codename Baboushka, Volume 1: The Conclave of Death",N/A,N/A,N/A,N/A,N/A,N/A,N/A,N/A,N/A
Camp Midnight,N/A,N/A,N/A,N/A,N/A,N/A,N/A,N/A,N/A
Call the Nurse: True Stories of a Country Nurse on a Scottish Isle,N/A,N/A,N/A,N/A,N/A,N/A,N/A,N/A,N/A
Burning,N/A,N/A,N/A,N/A,N/A,N/A,N/A,N/A,N/A
Bossypants,N/A,N/A,N/A,N/A,N/A,N/A,N/A,N/A,N/A
"Bitch Planet, Vol. 1: Extraordinary Machine (Bitch Planet (Collected Editions))",N/A,N/A,N/A,N/A,N/A,N/A,N/A,N/A,N/A
"Avatar: The Last Airbender: Smoke and Shadow, Part 3 (Smoke and Shadow #3)",N/A,N/A,N/A,N/A,N/A,N/A,N/A,N/A,N/A
Algorithms to Live By: The Computer Science of Human Decisions,N/A,N/A,N/A,N/A,N/A,N/A,N/A,N/A,N/A
A World of Flavor: Your Gluten Free Passport,N/A,N/A,N/A,N/A,N/A,N/A,N/A,N/A,N/A
"A Piece of Sky, a Grain of Rice: A Memoir in Four Meditations",N/A,N/A,N/A,N/A,N/A,N/A,N/A,N/A,N/A
A Murder in Time,N/A,N/A,N/A,N/A,N/A,N/A,N/A,N/A,N/A
A Flight of Arrows (The Pathfinders #2),N/A,N/A,N/A,N/A,N/A,N/A,N/A,N/A,N/A
A Fierce and Subtle Poison,N/A,N/A,N/A,N/A,N/A,N/A,N/A,N/A,N/A
A Court of Thorns and Roses (A Court of Thorns and Roses #1),N/A,N/A,N/A,N/A,N/A,N/A,N/A,N/A,N/A
(Un)Qualified: How God Uses Broken People to Do Big Things,N/A,N/A,N/A,N/A,N/A,N/A,N/A,N/A,N/A
You Are What You Love: The Spiritual Power of Habit,N/A,N/A,N/A,N/A,N/A,N/A,N/A,N/A,N/A
"William Shakespeare's Star Wars: Verily, A New Hope (William Shakespeare's Star Wars #4)",N/A,N/A,N/A,N/A,N/A,N/A,N/A,N/A,N/A
Tuesday Nights in 1980,N/A,N/A,N/A,N/A,N/A,N/A,N/A,N/A,N/A
Tracing Numbers on a Train,N/A,N/A,N/A,N/A,N/A,N/A,N/A,N/A,N/A
Throne of Glass (Throne of Glass #1),N/A,N/A,N/A,N/A,N/A,N/A,N/A,N/A,N/A
Thomas Jefferson and the Tripoli Pirates: The Forgotten War That Changed American History,N/A,N/A,N/A,N/A,N/A,N/A,N/A,N/A,N/A
Thirteen Reasons Why,N/A,N/A,N/A,N/A,N/A,N/A,N/A,N/A,N/A
The White Cat and the Monk: A Retelling of the Poem âPangur BÃ¡nâ,N/A,N/A,N/A,N/A,N/A,N/A,N/A,N/A,N/A
The Wedding Dress,N/A,N/A,N/A,N/A,N/A,N/A,N/A,N/A,N/A
The Vacationers,N/A,N/A,N/A,N/A,N/A,N/A,N/A,N/A,N/A
The Third Wave: An Entrepreneurâs Vision of the Future,N/A,N/A,N/A,N/A,N/A,N/A,N/A,N/A,N/A
The Stranger,N/A,N/A,N/A,N/A,N/A,N/A,N/A,N/A,N/A
The Shadow Hero (The Shadow Hero),N/A,N/A,N/A,N/A,N/A,N/A,N/A,N/A,N/A
The Secret (The Secret #1),N/A,N/A,N/A,N/A,N/A,N/A,N/A,N/A,N/A
The Regional Office Is Under Attack!,N/A,N/A,N/A,N/A,N/A,N/A,N/A,N/A,N/A
The Psychopath Test: A Journey Through the Madness Industry,N/A,N/A,N/A,N/A,N/A,N/A,N/A,N/A,N/A
The Project,N/A,N/A,N/A,N/A,N/A,N/A,N/A,N/A,N/A
The Power of Now: A Guide to Spiritual Enlightenment,N/A,N/A,N/A,N/A,N/A,N/A,N/A,N/A,N/A
The Omnivore's Dilemma: A Natural History of Four Meals,N/A,N/A,N/A,N/A,N/A,N/A,N/A,N/A,N/A
The Nerdy Nummies Cookbook: Sweet Treats for the Geek in All of Us,N/A,N/A,N/A,N/A,N/A,N/A,N/A,N/A,N/A
The Murder of Roger Ackroyd (Hercule Poirot #4),N/A,N/A,N/A,N/A,N/A,N/A,N/A,N/A,N/A
The Mistake (Off-Campus #2),N/A,N/A,N/A,N/A,N/A,N/A,N/A,N/A,N/A
The Matchmaker's Playbook (Wingmen Inc. #1),N/A,N/A,N/A,N/A,N/A,N/A,N/A,N/A,N/A
The Love and Lemons Cookbook: An Apple-to-Zucchini Celebration of Impromptu Cooking,N/A,N/A,N/A,N/A,N/A,N/A,N/A,N/A,N/A
The Long Shadow of Small Ghosts: Murder and Memory in an American City,N/A,N/A,N/A,N/A,N/A,N/A,N/A,N/A,N/A
The Kite Runner,N/A,N/A,N/A,N/A,N/A,N/A,N/A,N/A,N/A
The House by the Lake,N/A,N/A,N/A,N/A,N/A,N/A,N/A,N/A,N/A
The Glittering Court (The Glittering Court #1),N/A,N/A,N/A,N/A,N/A,N/A,N/A,N/A,N/A
The Girl on the Train,N/A,N/A,N/A,N/A,N/A,N/A,N/A,N/A,N/A
The Genius of Birds,N/A,N/A,N/A,N/A,N/A,N/A,N/A,N/A,N/A
The Emerald Mystery,N/A,N/A,N/A,N/A,N/A,N/A,N/A,N/A,N/A
The Cookies & Cups Cookbook: 125+ sweet & savory recipes reminding you to Always Eat Dessert First,N/A,N/A,N/A,N/A,N/A,N/A,N/A,N/A,N/A
The Bridge to Consciousness: I'm Writing the Bridge Between Science and Our Old and New Beliefs.,N/A,N/A,N/A,N/A,N/A,N/A,N/A,N/A,N/A
The Artist's Way: A Spiritual Path to Higher Creativity,N/A,N/A,N/A,N/A,N/A,N/A,N/A,N/A,N/A
The Art of War,N/A,N/A,N/A,N/A,N/A,N/A,N/A,N/A,N/A
The Argonauts,N/A,N/A,N/A,N/A,N/A,N/A,N/A,N/A,N/A
The 10% Entrepreneur: Live Your Startup Dream Without Quitting Your Day Job,N/A,N/A,N/A,N/A,N/A,N/A,N/A,N/A,N/A
Suddenly in Love (Lake Haven #1),N/A,N/A,N/A,N/A,N/A,N/A,N/A,N/A,N/A
Something More Than This,N/A,N/A,N/A,N/A,N/A,N/A,N/A,N/A,N/A
Soft Apocalypse,N/A,N/A,N/A,N/A,N/A,N/A,N/A,N/A,N/A
So You've Been Publicly Shamed,N/A,N/A,N/A,N/A,N/A,N/A,N/A,N/A,N/A
Shoe Dog: A Memoir by the Creator of NIKE,N/A,N/A,N/A,N/A,N/A,N/A,N/A,N/A,N/A
"Shobu Samurai, Project Aryoku (#3)",N/A,N/A,N/A,N/A,N/A,N/A,N/A,N/A,N/A
Secrets and Lace (Fatal Hearts #1),N/A,N/A,N/A,N/A,N/A,N/A,N/A,N/A,N/A
Scarlett Epstein Hates It Here,N/A,N/A,N/A,N/A,N/A,N/A,N/A,N/A,N/A
Romero and Juliet: A Tragic Tale of Love and Zombies,N/A,N/A,N/A,N/A,N/A,N/A,N/A,N/A,N/A
Redeeming Love,N/A,N/A,N/A,N/A,N/A,N/A,N/A,N/A,N/A
Poses for Artists Volume 1 - Dynamic and Sitting Poses: An Essential Reference for Figure Drawing and the Human Form,N/A,N/A,N/A,N/A,N/A,N/A,N/A,N/A,N/A
Poems That Make Grown Women Cry,N/A,N/A,N/A,N/A,N/A,N/A,N/A,N/A,N/A
"Nightingale, Sing",N/A,N/A,N/A,N/A,N/A,N/A,N/A,N/A,N/A
Night Sky with Exit Wounds,N/A,N/A,N/A,N/A,N/A,N/A,N/A,N/A,N/A
Mrs. Houdini,N/A,N/A,N/A,N/A,N/A,N/A,N/A,N/A,N/A
Modern Romance,N/A,N/A,N/A,N/A,N/A,N/A,N/A,N/A,N/A
Miss Peregrineâs Home for Peculiar Children (Miss Peregrineâs Peculiar Children #1),N/A,N/A,N/A,N/A,N/A,N/A,N/A,N/A,N/A
Louisa: The Extraordinary Life of Mrs. Adams,N/A,N/A,N/A,N/A,N/A,N/A,N/A,N/A,N/A
Little Red,N/A,N/A,N/A,N/A,N/A,N/A,N/A,N/A,N/A
Library of Souls (Miss Peregrineâs Peculiar Children #3),N/A,N/A,N/A,N/A,N/A,N/A,N/A,N/A,N/A
Large Print Heart of the Pride,N/A,N/A,N/A,N/A,N/A,N/A,N/A,N/A,N/A
I Had a Nice Time And Other Lies...: How to find love & sh*t like that,N/A,N/A,N/A,N/A,N/A,N/A,N/A,N/A,N/A
Hollow City (Miss Peregrineâs Peculiar Children #2),N/A,N/A,N/A,N/A,N/A,N/A,N/A,N/A,N/A
Grumbles,N/A,N/A,N/A,N/A,N/A,N/A,N/A,N/A,N/A
Full Moon over Noahâs Ark: An Odyssey to Mount Ararat and Beyond,N/A,N/A,N/A,N/A,N/A,N/A,N/A,N/A,N/A
Frostbite (Vampire Academy #2),N/A,N/A,N/A,N/A,N/A,N/A,N/A,N/A,N/A
Follow You Home,N/A,N/A,N/A,N/A,N/A,N/A,N/A,N/A,N/A
First Steps for New Christians (Print Edition),N/A,N/A,N/A,N/A,N/A,N/A,N/A,N/A,N/A
Finders Keepers (Bill Hodges Trilogy #2),N/A,N/A,N/A,N/A,N/A,N/A,N/A,N/A,N/A
"Fables, Vol. 1: Legends in Exile (Fables #1)",N/A,N/A,N/A,N/A,N/A,N/A,N/A,N/A,N/A
Eureka Trivia 6.0,N/A,N/A,N/A,N/A,N/A,N/A,N/A,N/A,N/A
Drive: The Surprising Truth About What Motivates Us,N/A,N/A,N/A,N/A,N/A,N/A,N/A,N/A,N/A
Done Rubbed Out (Reightman & Bailey #1),N/A,N/A,N/A,N/A,N/A,N/A,N/A,N/A,N/A
Doing It Over (Most Likely To #1),N/A,N/A,N/A,N/A,N/A,N/A,N/A,N/A,N/A
"Deliciously Ella Every Day: Quick and Easy Recipes for Gluten-Free Snacks, Packed Lunches, and Simple Meals",N/A,N/A,N/A,N/A,N/A,N/A,N/A,N/A,N/A
