,Title,Book Price,UPC,Product Type,Prices(excl. tax),Prices(incl. tax),Taxes,Availablities,Number of review
0,A Light in the Attic,£51.77,a897fe39b1053632,Books,Â£51.77,Â£51.77,Â£0.00,In stock (22 available),0
1,Tipping the Velvet,£53.74,90fa61229261140a,Books,Â£53.74,Â£53.74,Â£0.00,In stock (20 available),0
2,Soumission,£50.10,6957f44c3847a760,Books,Â£50.10,Â£50.10,Â£0.00,In stock (20 available),0
3,Sharp Objects,£47.82,e00eb4fd7b871a48,Books,Â£47.82,Â£47.82,Â£0.00,In stock (20 available),0
4,Sapiens: A Brief History of Humankind,£54.23,4165285e1663650f,Books,Â£54.23,Â£54.23,Â£0.00,In stock (20 available),0
5,The Requiem Red,£22.65,f77dbf2323deb740,Books,Â£22.65,Â£22.65,Â£0.00,In stock (19 available),0
6,The Dirty Little Secrets of Getting Your Dream Job,£33.34,2597b5a345f45e1b,Books,Â£33.34,Â£33.34,Â£0.00,In stock (19 available),0
7,"The Coming Woman: A Novel Based on the Life of the Infamous Feminist, Victoria Woodhull",£17.93,e72a5dfc7e9267b2,Books,Â£17.93,Â£17.93,Â£0.00,In stock (19 available),0
8,The Boys in the Boat: Nine Americans and Their Epic Quest for Gold at the 1936 Berlin Olympics,£22.60,e10e1e165dc8be4a,Books,Â£22.60,Â£22.60,Â£0.00,In stock (19 available),0
9,The Black Maria,£52.15,1dfe412b8ac00530,Books,Â£52.15,Â£52.15,Â£0.00,In stock (19 available),0
10,"Starving Hearts (Triangular Trade Trilogy, #1)",£13.99,0312262ecafa5a40,Books,Â£13.99,Â£13.99,Â£0.00,In stock (19 available),0
11,Shakespeare's Sonnets,£20.66,30a7f60cd76ca58c,Books,Â£20.66,Â£20.66,Â£0.00,In stock (19 available),0
12,Set Me Free,£17.46,ce6396b0f23f6ecc,Books,Â£17.46,Â£17.46,Â£0.00,In stock (19 available),0
13,Scott Pilgrim's Precious Little Life (Scott Pilgrim #1),£52.29,3b1c02bac2a429e6,Books,Â£52.29,Â£52.29,Â£0.00,In stock (19 available),0
14,Rip it Up and Start Again,£35.02,a34ba96d4081e6a4,Books,Â£35.02,Â£35.02,Â£0.00,In stock (19 available),0
15,"Our Band Could Be Your Life: Scenes from the American Indie Underground, 1981-1991",£57.25,deda3e61b9514b83,Books,Â£57.25,Â£57.25,Â£0.00,In stock (19 available),0
16,Olio,£23.88,feb7cc7701ecf901,Books,Â£23.88,Â£23.88,Â£0.00,In stock (19 available),0
17,Mesaerion: The Best Science Fiction Stories 1800-1849,£37.59,e30f54cea9b38190,Books,Â£37.59,Â£37.59,Â£0.00,In stock (19 available),0
18,Libertarianism for Beginners,£51.33,a18a4f574854aced,Books,Â£51.33,Â£51.33,Â£0.00,In stock (19 available),0
19,It's Only the Himalayas,£45.17,a22124811bfa8350,Books,Â£45.17,Â£45.17,Â£0.00,In stock (19 available),0
20,In Her Wake,£12.84,23356462d1320d61,Books,Â£12.84,Â£12.84,Â£0.00,In stock (19 available),0
21,How Music Works,£37.32,327f68a59745c102,Books,Â£37.32,Â£37.32,Â£0.00,In stock (19 available),0
22,"Foolproof Preserving: A Guide to Small Batch Jams, Jellies, Pickles, Condiments, and More: A Foolproof Guide to Making Small Batch Jams, Jellies, Pickles, Condiments, and More",£30.52,5674a18a29a43ced,Books,Â£30.52,Â£30.52,Â£0.00,In stock (19 available),0
23,Chase Me (Paris Nights #2),£25.27,c2e46a2ee3b4a322,Books,Â£25.27,Â£25.27,Â£0.00,In stock (19 available),0
24,Black Dust,£34.53,00bfed9e18bb36f3,Books,Â£34.53,Â£34.53,Â£0.00,In stock (19 available),0
25,Birdsong: A Story in Pictures,£54.64,9528d0948525bf5f,Books,Â£54.64,Â£54.64,Â£0.00,In stock (19 available),0
26,America's Cradle of Quarterbacks: Western Pennsylvania's Football Factory from Johnny Unitas to Joe Montana,£22.50,c7d160c2c0de586f,Books,Â£22.50,Â£22.50,Â£0.00,In stock (19 available),0
27,Aladdin and His Wonderful Lamp,£53.13,904208d6aa64b655,Books,Â£53.13,Â£53.13,Â£0.00,In stock (19 available),0
28,Worlds Elsewhere: Journeys Around Shakespeare’s Globe,£40.30,4c28def39d850cdf,Books,Â£40.30,Â£40.30,Â£0.00,In stock (18 available),0
29,Wall and Piece,£44.18,ccd9ffa25efabdea,Books,Â£44.18,Â£44.18,Â£0.00,In stock (18 available),0
30,The Four Agreements: A Practical Guide to Personal Freedom,£17.66,6258a1f6a6dcfe50,Books,Â£17.66,Â£17.66,Â£0.00,In stock (18 available),0
31,The Five Love Languages: How to Express Heartfelt Commitment to Your Mate,£31.05,3c039985229453bf,Books,Â£31.05,Â£31.05,Â£0.00,In stock (18 available),0
32,The Elephant Tree,£23.82,5dada2b7be26bd03,Books,Â£23.82,Â£23.82,Â£0.00,In stock (18 available),0
33,The Bear and the Piano,£36.89,9f6568e9c95f60b0,Books,Â£36.89,Â£36.89,Â£0.00,In stock (18 available),0
34,Sophie's World,£15.94,6be3beb0793a53e7,Books,Â£15.94,Â£15.94,Â£0.00,In stock (18 available),0
35,Penny Maybe,£33.29,668fe56b17cfcd4f,Books,Â£33.29,Â£33.29,Â£0.00,In stock (18 available),0
36,Maude (1883-1993):She Grew Up with the country,£18.02,094b269567e1c300,Books,Â£18.02,Â£18.02,Â£0.00,In stock (18 available),0
37,"In a Dark, Dark Wood",£19.63,19ed25f4641d5efd,Books,Â£19.63,Â£19.63,Â£0.00,In stock (18 available),0
38,Behind Closed Doors,£52.22,be5cc846f45496fb,Books,Â£52.22,Â£52.22,Â£0.00,In stock (18 available),0
39,You can't bury them all: Poems,£33.63,55f9da0c5eea2e10,Books,Â£33.63,Â£33.63,Â£0.00,In stock (17 available),0
40,Slow States of Collapse: Poems,£57.31,b4fd5943413e089a,Books,Â£57.31,Â£57.31,Â£0.00,In stock (17 available),0
41,Reasons to Stay Alive,£26.41,c8f7f0cb1abb9cac,Books,Â£26.41,Â£26.41,Â£0.00,In stock (17 available),0
42,Private Paris (Private #10),£47.61,b12b89017878a60d,Books,Â£47.61,Â£47.61,Â£0.00,In stock (17 available),0
43,#HigherSelfie: Wake Up Your Life. Free Your Soul. Find Your Tribe.,£23.11,c27f6e1f185b0383,Books,Â£23.11,Â£23.11,Â£0.00,In stock (17 available),0
44,Without Borders (Wanderlove #1),£45.07,acddfeab2a407640,Books,Â£45.07,Â£45.07,Â£0.00,In stock (16 available),0
45,When We Collided,£31.77,3ecb690d1542c568,Books,Â£31.77,Â£31.77,Â£0.00,In stock (16 available),0
46,"We Love You, Charlie Freeman",£50.27,8d455c7539795d2a,Books,Â£50.27,Â£50.27,Â£0.00,In stock (16 available),0
47,Untitled Collection: Sabbath Poems 2014,£14.27,657fe5ead67a7767,Books,Â£14.27,Â£14.27,Â£0.00,In stock (16 available),0
48,"Unseen City: The Majesty of Pigeons, the Discreet Charm of Snails & Other Wonders of the Urban Wilderness",£44.18,d170b5a0da46380e,Books,Â£44.18,Â£44.18,Â£0.00,In stock (16 available),0
49,Unicorn Tracks,£18.78,7ae099f3898e0209,Books,Â£18.78,Â£18.78,Â£0.00,In stock (16 available),0
50,"Unbound: How Eight Technologies Made Us Human, Transformed Society, and Brought Our World to the Brink",£25.52,9a9d6e9bc555731e,Books,Â£25.52,Â£25.52,Â£0.00,In stock (16 available),0
51,Tsubasa: WoRLD CHRoNiCLE 2 (Tsubasa WoRLD CHRoNiCLE #2),£16.28,09555be379ad9253,Books,Â£16.28,Â£16.28,Â£0.00,In stock (16 available),0
52,Throwing Rocks at the Google Bus: How Growth Became the Enemy of Prosperity,£31.12,7858914fad68493c,Books,Â£31.12,Â£31.12,Â£0.00,In stock (16 available),0
53,This One Summer,£19.49,51653ef291ab7ddc,Books,Â£19.49,Â£19.49,Â£0.00,In stock (16 available),0
54,Thirst,£17.27,709822d0b5bcb7f4,Books,Â£17.27,Â£17.27,Â£0.00,In stock (16 available),0
55,The Torch Is Passed: A Harding Family Story,£19.09,4eed62cf5f8d8edf,Books,Â£19.09,Â£19.09,Â£0.00,In stock (16 available),0
56,The Secret of Dreadwillow Carse,£56.13,b5ea0b5dabed25a8,Books,Â£56.13,Â£56.13,Â£0.00,In stock (16 available),0
57,"The Pioneer Woman Cooks: Dinnertime: Comfort Classics, Freezer Food, 16-Minute Meals, and Other Delicious Ways to Solve Supper!",£56.41,142d767a56a9254d,Books,Â£56.41,Â£56.41,Â£0.00,In stock (16 available),0
58,The Past Never Ends,£56.50,5ee94540d0749ea0,Books,Â£56.50,Â£56.50,Â£0.00,In stock (16 available),0
59,The Natural History of Us (The Fine Art of Pretending #2),£45.22,cedf82b5086e4691,Books,Â£45.22,Â£45.22,Â£0.00,In stock (16 available),0
60,The Nameless City (The Nameless City #1),£38.16,7d385d34d12e60ff,Books,Â£38.16,Â£38.16,Â£0.00,In stock (16 available),0
61,The Murder That Never Was (Forensic Instincts #5),£54.11,d01ac97e2b8947c2,Books,Â£54.11,Â£54.11,Â£0.00,In stock (16 available),0
62,The Most Perfect Thing: Inside (and Outside) a Bird's Egg,£42.96,aadee1c326d286e3,Books,Â£42.96,Â£42.96,Â£0.00,In stock (16 available),0
63,"The Mindfulness and Acceptance Workbook for Anxiety: A Guide to Breaking Free from Anxiety, Phobias, and Worry Using Acceptance and Commitment Therapy",£23.89,31075275518532d7,Books,Â£23.89,Â£23.89,Â£0.00,In stock (16 available),0
64,The Life-Changing Magic of Tidying Up: The Japanese Art of Decluttering and Organizing,£16.77,0da9aa9d24677fc0,Books,Â£16.77,Â£16.77,Â£0.00,In stock (16 available),0
65,"The Inefficiency Assassin: Time Management Tactics for Working Smarter, Not Longer",£20.59,8c9e6bf2467d740d,Books,Â£20.59,Â£20.59,Â£0.00,In stock (16 available),0
66,The Gutsy Girl: Escapades for Your Life of Epic Adventure,£37.13,acd86a5426e21ca0,Books,Â£37.13,Â£37.13,Â£0.00,In stock (16 available),0
67,The Electric Pencil: Drawings from Inside State Hospital No. 3,£56.06,a30b270e25489e5c,Books,Â£56.06,Â£56.06,Â£0.00,In stock (16 available),0
68,The Death of Humanity: and the Case for Life,£58.11,bd261725b99f5983,Books,Â£58.11,Â£58.11,Â£0.00,In stock (16 available),0
69,"The Bulletproof Diet: Lose up to a Pound a Day, Reclaim Energy and Focus, Upgrade Your Life",£49.05,43c6a960757cf559,Books,Â£49.05,Â£49.05,Â£0.00,In stock (16 available),0
70,The Art Forger,£40.76,80cfab6bcff3a244,Books,Â£40.76,Â£40.76,Â£0.00,In stock (16 available),0
71,The Age of Genius: The Seventeenth Century and the Birth of the Modern Mind,£19.73,a3d2a4250807f1e9,Books,Â£19.73,Â£19.73,Â£0.00,In stock (16 available),0
72,The Activist's Tao Te Ching: Ancient Advice for a Modern Revolution,£32.24,7d6d2a6c0276f81b,Books,Â£32.24,Â£32.24,Â£0.00,In stock (16 available),0
73,Spark Joy: An Illustrated Master Class on the Art of Organizing and Tidying Up,£41.83,87b0615b6e1f4d7b,Books,Â£41.83,Â£41.83,Â£0.00,In stock (16 available),0
74,Soul Reader,£39.58,e6af5bf1163c1151,Books,Â£39.58,Â£39.58,Â£0.00,In stock (16 available),0
75,Security,£39.25,6f78a0d744c35456,Books,Â£39.25,Â£39.25,Â£0.00,In stock (16 available),0
76,"Saga, Volume 6 (Saga (Collected Editions) #6)",£25.02,c849f0b2f5d6a742,Books,Â£25.02,Â£25.02,Â£0.00,In stock (16 available),0
77,"Saga, Volume 5 (Saga (Collected Editions) #5)",£51.04,53a3d11bb568cc8b,Books,Â£51.04,Â£51.04,Â£0.00,In stock (16 available),0
78,Reskilling America: Learning to Labor in the Twenty-First Century,£19.83,d7310206583a54b6,Books,Â£19.83,Â£19.83,Â£0.00,In stock (16 available),0
79,"Rat Queens, Vol. 3: Demons (Rat Queens (Collected Editions) #11-15)",£50.40,c82a3e358c773c73,Books,Â£50.40,Â£50.40,Â£0.00,In stock (16 available),0
80,"Princess Jellyfish 2-in-1 Omnibus, Vol. 01 (Princess Jellyfish 2-in-1 Omnibus #1)",£13.61,0fa6dceead7ce47a,Books,Â£13.61,Â£13.61,Â£0.00,In stock (16 available),0
81,Princess Between Worlds (Wide-Awake Princess #5),£13.34,0e691eda369f4e09,Books,Â£13.34,Â£13.34,Â£0.00,In stock (16 available),0
82,"Pop Gun War, Volume 1: Gift",£18.97,e80f8e518b300dfe,Books,Â£18.97,Â£18.97,Â£0.00,In stock (16 available),0
83,"Political Suicide: Missteps, Peccadilloes, Bad Calls, Backroom Hijinx, Sordid Pasts, Rotten Breaks, and Just Plain Dumb Mistakes in the Annals of American Politics",£36.28,7392c0032f92d816,Books,Â£36.28,Â£36.28,Â£0.00,In stock (16 available),0
84,Patience,£10.16,9429b4d59c537af5,Books,Â£10.16,Â£10.16,Â£0.00,In stock (16 available),0
85,"Outcast, Vol. 1: A Darkness Surrounds Him (Outcast #1)",£15.44,889139b8e9c4cb36,Books,Â£15.44,Â£15.44,Â£0.00,In stock (16 available),0
86,orange: The Complete Collection 1 (orange: The Complete Collection #1),£48.41,11809b1d323b3057,Books,Â£48.41,Â£48.41,Â£0.00,In stock (16 available),0
87,Online Marketing for Busy Authors: A Step-By-Step Guide,£46.35,9ffa38d3b832433a,Books,Â£46.35,Â£46.35,Â£0.00,In stock (16 available),0
88,On a Midnight Clear,£14.07,b757c0c361e689ce,Books,Â£14.07,Â£14.07,Â£0.00,In stock (16 available),0
89,Obsidian (Lux #1),£14.86,3c346ab1e76ae1f6,Books,Â£14.86,Â£14.86,Â£0.00,In stock (16 available),0
90,My Paris Kitchen: Recipes and Stories,£33.37,784bc2279baa878d,Books,Â£33.37,Â£33.37,Â£0.00,In stock (16 available),0
91,Masks and Shadows,£56.40,fa9610a50a1bf149,Books,Â£56.40,Â£56.40,Â£0.00,In stock (16 available),0
92,"Mama Tried: Traditional Italian Cooking for the Screwed, Crude, Vegan, and Tattooed",£14.02,72f9d5be3472d34e,Books,Â£14.02,Â£14.02,Â£0.00,In stock (16 available),0
93,"Lumberjanes, Vol. 2: Friendship to the Max (Lumberjanes #5-8)",£46.91,460089f796fb3f82,Books,Â£46.91,Â£46.91,Â£0.00,In stock (16 available),0
94,"Lumberjanes, Vol. 1: Beware the Kitten Holy (Lumberjanes #1-4)",£45.61,b6ee99bcf06fc91f,Books,Â£45.61,Â£45.61,Â£0.00,In stock (16 available),0
95,Lumberjanes Vol. 3: A Terrible Plan (Lumberjanes #9-12),£19.92,57e5a4d515c8ce44,Books,Â£19.92,Â£19.92,Â£0.00,In stock (16 available),0
96,"Layered: Baking, Building, and Styling Spectacular Cakes",£40.11,7b75cc7f223791f4,Books,Â£40.11,Â£40.11,Â£0.00,In stock (16 available),0
97,Judo: Seven Steps to Black Belt (an Introductory Guide for Beginners),£53.90,228f74b74f3a08ae,Books,Â£53.90,Â£53.90,Â£0.00,In stock (16 available),0
98,Join,£35.67,18ad3ed896c7ce05,Books,Â£35.67,Â£35.67,Â£0.00,In stock (16 available),0
99,In the Country We Love: My Family Divided,£22.00,b136b1b180ca753a,Books,Â£22.00,Â£22.00,Â£0.00,In stock (16 available),0
100,Immunity: How Elie Metchnikoff Changed the Course of Modern Medicine,£57.36,e4f74c16de34d440,Books,Â£57.36,Â£57.36,Â£0.00,In stock (16 available),0
101,"I Hate Fairyland, Vol. 1: Madly Ever After (I Hate Fairyland (Compilations) #1-5)",£29.17,8d4eefad7a2b3915,Books,Â£29.17,Â£29.17,Â£0.00,In stock (16 available),0
102,I am a Hero Omnibus Volume 1,£54.63,1c89ae5bb804e4de,Books,Â£54.63,Â£54.63,Â£0.00,In stock (16 available),0
103,How to Be Miserable: 40 Strategies You Already Use,£46.03,a6f99b9e687f9d46,Books,Â£46.03,Â£46.03,Â£0.00,In stock (16 available),0
104,Her Backup Boyfriend (The Sorensen Family #1),£33.97,2a97cffe61c3c4c7,Books,Â£33.97,Â£33.97,Â£0.00,In stock (16 available),0
105,"Giant Days, Vol. 2 (Giant Days #5-8)",£22.11,f2df3bb043a8abb0,Books,Â£22.11,Â£22.11,Â£0.00,In stock (16 available),0
106,Forever and Forever: The Courtship of Henry Longfellow and Fanny Appleton,£29.69,9beb96a2300109d7,Books,Â£29.69,Â£29.69,Â£0.00,In stock (16 available),0
107,First and First (Five Boroughs #3),£15.97,9e28048cea8d41f7,Books,Â£15.97,Â£15.97,Â£0.00,In stock (16 available),0
108,Fifty Shades Darker (Fifty Shades #2),£21.96,7add3f8e49ec0826,Books,Â£21.96,Â£21.96,Â£0.00,In stock (16 available),0
109,Everydata: The Misinformation Hidden in the Little Data You Consume Every Day,£54.35,311c0dd0e354a33e,Books,Â£54.35,Â£54.35,Â£0.00,In stock (16 available),0
110,"Don't Be a Jerk: And Other Practical Advice from Dogen, Japan's Greatest Zen Master",£37.97,fce19f9b4a943f22,Books,Â£37.97,Â£37.97,Â£0.00,In stock (16 available),0
111,Danganronpa Volume 1,£51.99,09b6cc87e62c2c58,Books,Â£51.99,Â£51.99,Â£0.00,In stock (16 available),0
112,Crown of Midnight (Throne of Glass #2),£43.29,7267864328ae8b9d,Books,Â£43.29,Â£43.29,Â£0.00,In stock (16 available),0
113,"Codename Baboushka, Volume 1: The Conclave of Death",£36.72,8754c83ab2a7ae71,Books,Â£36.72,Â£36.72,Â£0.00,In stock (16 available),0
114,Camp Midnight,£17.08,7b599c8bfcdd8d30,Books,Â£17.08,Â£17.08,Â£0.00,In stock (16 available),0
115,Call the Nurse: True Stories of a Country Nurse on a Scottish Isle,£29.14,bee3672891cca906,Books,Â£29.14,Â£29.14,Â£0.00,In stock (16 available),0
116,Burning,£28.81,5ceb951f629700a2,Books,Â£28.81,Â£28.81,Â£0.00,In stock (16 available),0
117,Bossypants,£49.46,74baabfc8fd84b38,Books,Â£49.46,Â£49.46,Â£0.00,In stock (16 available),0
118,"Bitch Planet, Vol. 1: Extraordinary Machine (Bitch Planet (Collected Editions))",£37.92,bdf415fd484ea8a7,Books,Â£37.92,Â£37.92,Â£0.00,In stock (16 available),0
119,"Avatar: The Last Airbender: Smoke and Shadow, Part 3 (Smoke and Shadow #3)",£28.09,6d5300b2d8f37e07,Books,Â£28.09,Â£28.09,Â£0.00,In stock (16 available),0
120,Algorithms to Live By: The Computer Science of Human Decisions,£30.81,38d45839cb1c83c1,Books,Â£30.81,Â£30.81,Â£0.00,In stock (16 available),0
121,A World of Flavor: Your Gluten Free Passport,£42.95,70ed59f194b3c556,Books,Â£42.95,Â£42.95,Â£0.00,In stock (16 available),0
122,"A Piece of Sky, a Grain of Rice: A Memoir in Four Meditations",£56.76,8a380641491d43ed,Books,Â£56.76,Â£56.76,Â£0.00,In stock (16 available),0
123,A Murder in Time,£16.64,f733e8c19d40ec2e,Books,Â£16.64,Â£16.64,Â£0.00,In stock (16 available),0
124,A Flight of Arrows (The Pathfinders #2),£55.53,3a6fb983e2554023,Books,Â£55.53,Â£55.53,Â£0.00,In stock (16 available),0
125,A Fierce and Subtle Poison,£28.13,842790dfaa937484,Books,Â£28.13,Â£28.13,Â£0.00,In stock (16 available),0
126,A Court of Thorns and Roses (A Court of Thorns and Roses #1),£52.37,01d2001ac1e6f8a3,Books,Â£52.37,Â£52.37,Â£0.00,In stock (16 available),0
127,(Un)Qualified: How God Uses Broken People to Do Big Things,£54.00,e4ac92d89b946781,Books,Â£54.00,Â£54.00,Â£0.00,In stock (16 available),0
128,You Are What You Love: The Spiritual Power of Habit,£21.87,796c87ddbbaaf8c5,Books,Â£21.87,Â£21.87,Â£0.00,In stock (15 available),0
129,"William Shakespeare's Star Wars: Verily, A New Hope (William Shakespeare's Star Wars #4)",£43.30,9270575728a13a61,Books,Â£43.30,Â£43.30,Â£0.00,In stock (15 available),0
130,Tuesday Nights in 1980,£21.04,b8736690cf263a3c,Books,Â£21.04,Â£21.04,Â£0.00,In stock (15 available),0
131,Tracing Numbers on a Train,£41.60,d7d6d50c1e3d0b81,Books,Â£41.60,Â£41.60,Â£0.00,In stock (15 available),0
132,Throne of Glass (Throne of Glass #1),£35.07,590a9cccf7db9f7d,Books,Â£35.07,Â£35.07,Â£0.00,In stock (15 available),0
133,Thomas Jefferson and the Tripoli Pirates: The Forgotten War That Changed American History,£59.64,de3f25248ba0789f,Books,Â£59.64,Â£59.64,Â£0.00,In stock (15 available),0
134,Thirteen Reasons Why,£52.72,bc2a85fd35fdc7bd,Books,Â£52.72,Â£52.72,Â£0.00,In stock (15 available),0
135,The White Cat and the Monk: A Retelling of the Poem “Pangur Bán”,£58.08,37c0cb19713d8dda,Books,Â£58.08,Â£58.08,Â£0.00,In stock (15 available),0
136,The Wedding Dress,£24.12,623e1a180426039b,Books,Â£24.12,Â£24.12,Â£0.00,In stock (15 available),0
137,The Vacationers,£42.15,fd3a622648667296,Books,Â£42.15,Â£42.15,Â£0.00,In stock (15 available),0
138,The Third Wave: An Entrepreneur’s Vision of the Future,£12.61,3bebf34ee9330cbd,Books,Â£12.61,Â£12.61,Â£0.00,In stock (15 available),0
139,The Stranger,£17.44,f5a92cff83897d48,Books,Â£17.44,Â£17.44,Â£0.00,In stock (15 available),0
140,The Shadow Hero (The Shadow Hero),£33.14,d6361d16212664ed,Books,Â£33.14,Â£33.14,Â£0.00,In stock (15 available),0
141,The Secret (The Secret #1),£27.37,961f18db4f138211,Books,Â£27.37,Â£27.37,Â£0.00,In stock (15 available),0
142,The Regional Office Is Under Attack!,£51.36,0651062381f0636a,Books,Â£51.36,Â£51.36,Â£0.00,In stock (15 available),0
143,The Psychopath Test: A Journey Through the Madness Industry,£36.00,e98a4efa85070c2f,Books,Â£36.00,Â£36.00,Â£0.00,In stock (15 available),0
144,The Project,£10.65,790ef197c8f236f5,Books,Â£10.65,Â£10.65,Â£0.00,In stock (15 available),0
145,The Power of Now: A Guide to Spiritual Enlightenment,£43.54,8ec14b1576cb7cb5,Books,Â£43.54,Â£43.54,Â£0.00,In stock (15 available),0
146,The Omnivore's Dilemma: A Natural History of Four Meals,£38.21,209adad1015af86f,Books,Â£38.21,Â£38.21,Â£0.00,In stock (15 available),0
147,The Nerdy Nummies Cookbook: Sweet Treats for the Geek in All of Us,£37.34,e4c7f3487d17fd42,Books,Â£37.34,Â£37.34,Â£0.00,In stock (15 available),0
148,The Murder of Roger Ackroyd (Hercule Poirot #4),£44.10,c7b5183f4d1d4efe,Books,Â£44.10,Â£44.10,Â£0.00,In stock (15 available),0
149,The Mistake (Off-Campus #2),£43.29,99ff4cc6491e8f5c,Books,Â£43.29,Â£43.29,Â£0.00,In stock (15 available),0
150,The Matchmaker's Playbook (Wingmen Inc. #1),£55.85,08db62f24627e71f,Books,Â£55.85,Â£55.85,Â£0.00,In stock (15 available),0
151,The Love and Lemons Cookbook: An Apple-to-Zucchini Celebration of Impromptu Cooking,£37.60,e28e330cbdf01126,Books,Â£37.60,Â£37.60,Â£0.00,In stock (15 available),0
152,The Long Shadow of Small Ghosts: Murder and Memory in an American City,£10.97,abeafe151a587d3b,Books,Â£10.97,Â£10.97,Â£0.00,In stock (15 available),0
153,The Kite Runner,£41.82,eac1a180047ad54e,Books,Â£41.82,Â£41.82,Â£0.00,In stock (15 available),0
154,The House by the Lake,£36.95,9287e238d7c3b06e,Books,Â£36.95,Â£36.95,Â£0.00,In stock (15 available),0
155,The Glittering Court (The Glittering Court #1),£44.28,2dbb7ec08cdd7f3c,Books,Â£44.28,Â£44.28,Â£0.00,In stock (15 available),0
156,The Girl on the Train,£55.02,e956d67c9bcc5809,Books,Â£55.02,Â£55.02,Â£0.00,In stock (15 available),0
157,The Genius of Birds,£17.24,42d0d7c92b75fc1c,Books,Â£17.24,Â£17.24,Â£0.00,In stock (15 available),0
158,The Emerald Mystery,£23.15,d6670dfe3e7b42bd,Books,Â£23.15,Â£23.15,Â£0.00,In stock (15 available),0
159,The Cookies & Cups Cookbook: 125+ sweet & savory recipes reminding you to Always Eat Dessert First,£41.25,96a38e7c813d8f1d,Books,Â£41.25,Â£41.25,Â£0.00,In stock (15 available),0
160,The Bridge to Consciousness: I'm Writing the Bridge Between Science and Our Old and New Beliefs.,£32.00,efc3768127714ec3,Books,Â£32.00,Â£32.00,Â£0.00,In stock (15 available),0
161,The Artist's Way: A Spiritual Path to Higher Creativity,£38.49,dd047728de72ad62,Books,Â£38.49,Â£38.49,Â£0.00,In stock (15 available),0
162,The Art of War,£33.34,e7469e22b5bfb3e7,Books,Â£33.34,Â£33.34,Â£0.00,In stock (15 available),0
163,The Argonauts,£10.93,c99761a700ade23f,Books,Â£10.93,Â£10.93,Â£0.00,In stock (15 available),0
164,The 10% Entrepreneur: Live Your Startup Dream Without Quitting Your Day Job,£27.55,56e4f9eab2e8e674,Books,Â£27.55,Â£27.55,Â£0.00,In stock (15 available),0
165,Suddenly in Love (Lake Haven #1),£55.99,203b7f94b7d6115f,Books,Â£55.99,Â£55.99,Â£0.00,In stock (15 available),0
166,Something More Than This,£16.24,ca71e72655bece85,Books,Â£16.24,Â£16.24,Â£0.00,In stock (15 available),0
167,Soft Apocalypse,£26.12,2a70769cdc6eb8b8,Books,Â£26.12,Â£26.12,Â£0.00,In stock (15 available),0
168,So You've Been Publicly Shamed,£12.23,1b33663ad7b95fd8,Books,Â£12.23,Â£12.23,Â£0.00,In stock (15 available),0
169,Shoe Dog: A Memoir by the Creator of NIKE,£23.99,0e0dcc3339602b28,Books,Â£23.99,Â£23.99,Â£0.00,In stock (15 available),0
170,"Shobu Samurai, Project Aryoku (#3)",£29.06,0c27e6c3744fc14b,Books,Â£29.06,Â£29.06,Â£0.00,In stock (15 available),0
171,Secrets and Lace (Fatal Hearts #1),£20.27,ad04ad9fc179fc5d,Books,Â£20.27,Â£20.27,Â£0.00,In stock (15 available),0
172,Scarlett Epstein Hates It Here,£43.55,1c929cfd16b71907,Books,Â£43.55,Â£43.55,Â£0.00,In stock (15 available),0
173,Romero and Juliet: A Tragic Tale of Love and Zombies,£36.94,e656e280bc8edd56,Books,Â£36.94,Â£36.94,Â£0.00,In stock (15 available),0
174,Redeeming Love,£20.47,b53db2271c9624f7,Books,Â£20.47,Â£20.47,Â£0.00,In stock (15 available),0
175,Poses for Artists Volume 1 - Dynamic and Sitting Poses: An Essential Reference for Figure Drawing and the Human Form,£41.06,d9c643fa1fc57bdb,Books,Â£41.06,Â£41.06,Â£0.00,In stock (15 available),0
176,Poems That Make Grown Women Cry,£14.19,31001a1210623bd4,Books,Â£14.19,Â£14.19,Â£0.00,In stock (15 available),0
177,"Nightingale, Sing",£38.28,50b8f80311b31ede,Books,Â£38.28,Â£38.28,Â£0.00,In stock (15 available),0
178,Night Sky with Exit Wounds,£41.05,cfeb1e1e0e695b58,Books,Â£41.05,Â£41.05,Â£0.00,In stock (15 available),0
179,Mrs. Houdini,£30.25,a40723994f715420,Books,Â£30.25,Â£30.25,Â£0.00,In stock (15 available),0
180,Modern Romance,£28.26,caf4fe9311f1dc59,Books,Â£28.26,Â£28.26,Â£0.00,In stock (15 available),0
181,Miss Peregrine’s Home for Peculiar Children (Miss Peregrine’s Peculiar Children #1),£10.76,af96613fdd793a3c,Books,Â£10.76,Â£10.76,Â£0.00,In stock (15 available),0
182,Louisa: The Extraordinary Life of Mrs. Adams,£16.85,d69dd8dac66f9f84,Books,Â£16.85,Â£16.85,Â£0.00,In stock (15 available),0
183,Little Red,£13.47,4aa03792b50f0b22,Books,Â£13.47,Â£13.47,Â£0.00,In stock (15 available),0
184,Library of Souls (Miss Peregrine’s Peculiar Children #3),£48.56,ba54932df84e8cea,Books,Â£48.56,Â£48.56,Â£0.00,In stock (15 available),0
185,Large Print Heart of the Pride,£19.15,c1afd71fc86bf682,Books,Â£19.15,Â£19.15,Â£0.00,In stock (15 available),0
186,I Had a Nice Time And Other Lies...: How to find love & sh*t like that,£57.36,fd8585283fc7d2d7,Books,Â£57.36,Â£57.36,Â£0.00,In stock (15 available),0
187,Hollow City (Miss Peregrine’s Peculiar Children #2),£42.98,4ce91d31c1e57c33,Books,Â£42.98,Â£42.98,Â£0.00,In stock (15 available),0
188,Grumbles,£22.16,d163dd6c352fbcd2,Books,Â£22.16,Â£22.16,Â£0.00,In stock (15 available),0
189,Full Moon over Noah’s Ark: An Odyssey to Mount Ararat and Beyond,£49.43,ce60436f52c5ee68,Books,Â£49.43,Â£49.43,Â£0.00,In stock (15 available),0
190,Frostbite (Vampire Academy #2),£29.99,116a2fdc9a45bab0,Books,Â£29.99,Â£29.99,Â£0.00,In stock (15 available),0
191,Follow You Home,£21.36,8585760646e3aa2a,Books,Â£21.36,Â£21.36,Â£0.00,In stock (15 available),0
192,First Steps for New Christians (Print Edition),£29.00,2f88b08bf0a0e367,Books,Â£29.00,Â£29.00,Â£0.00,In stock (15 available),0
193,Finders Keepers (Bill Hodges Trilogy #2),£53.53,edb3097e71330040,Books,Â£53.53,Â£53.53,Â£0.00,In stock (15 available),0
194,"Fables, Vol. 1: Legends in Exile (Fables #1)",£41.62,65d034adf80834b7,Books,Â£41.62,Â£41.62,Â£0.00,In stock (15 available),0
195,Eureka Trivia 6.0,£54.59,29c0025455f8c585,Books,Â£54.59,Â£54.59,Â£0.00,In stock (15 available),0
196,Drive: The Surprising Truth About What Motivates Us,£34.95,6ffb36aaeff1c81e,Books,Â£34.95,Â£34.95,Â£0.00,In stock (15 available),0
197,Done Rubbed Out (Reightman & Bailey #1),£37.72,f6d967cdadc6fbd9,Books,Â£37.72,Â£37.72,Â£0.00,In stock (15 available),0
198,Doing It Over (Most Likely To #1),£35.61,3a11bb962ff45b78,Books,Â£35.61,Â£35.61,Â£0.00,In stock (15 available),0
199,"Deliciously Ella Every Day: Quick and Easy Recipes for Gluten-Free Snacks, Packed Lunches, and Simple Meals",£42.16,46c1530d7546ea6d,Books,Â£42.16,Â£42.16,Â£0.00,In stock (15 available),0
